,close,high,low,p_change,open,pre_close,volume,date,date_week,key,atr21,atr14
2017-03-23,254.78,257.67,253.3,-0.09,255.39,255.01,3320245,20170323,3,0,4.3700000000000045,4.3700000000000045
2017-03-24,263.16,263.89,255.01,3.2889999999999997,255.7,254.78,5647253,20170324,4,1,6.732380952380952,6.786071428571428
2017-03-27,270.22,270.57,259.75,2.6830000000000003,260.6,263.16,6230795,20170327,0,2,10.043474320241646,10.225602716468543
2017-03-28,277.45,280.68,275.0,2.676,277.02,270.22,7987604,20170328,1,3,12.187679379444031,12.457164612037653
2017-03-29,277.38,279.6,275.54,-0.025,278.34,277.45,3676157,20170329,2,4,11.514353245647039,11.654337073092758
2017-03-30,277.92,282.0,277.21,0.195,278.04,277.38,4148426,20170330,3,5,10.110752215314116,10.066051854591874
2017-03-31,278.3,279.68,276.32,0.13699999999999998,278.73,277.92,3294640,20170331,4,6,8.850168913367302,8.65294454383109
2017-04-03,298.52,299.0,284.58,7.266,286.9,278.3,13888618,20170403,0,7,10.934176798039825,11.083493600583433
2017-04-04,303.7,304.81,294.53,1.735,296.89,298.52,10134556,20170404,1,8,13.39289892287166,13.923872023027934
2017-04-05,295.0,304.88,294.2,-2.865,302.04,303.7,7880938,20170405,2,9,12.991524553345217,13.355468922170177
2017-04-06,298.7,301.94,294.1,1.254,296.88,295.0,5520588,20170406,3,10,12.516824756539167,12.723879429352891
2017-04-07,302.54,302.69,297.15,1.286,297.5,298.7,4579613,20170407,4,11,11.872824026832053,11.905795018249002
2017-04-10,312.39,313.73,308.71,3.2560000000000002,309.15,302.54,7664458,20170410,0,12,12.276880911174029,12.399130661498832
2017-04-11,308.71,313.47,305.5,-1.178,313.38,312.39,5724577,20170411,1,13,12.11066818678011,12.172707963202768
2017-04-12,296.84,308.448,296.32,-3.845,306.34,308.71,6050682,20170412,2,14,12.583893920811338,12.761127954019043
2017-04-13,304.0,307.39,295.3,2.412,296.7,296.84,9284634,20170413,3,15,12.679884909342542,12.857396800995168
2017-04-17,301.44,304.0,298.68,-0.8420000000000001,302.7,304.0,4138736,20170417,0,16,12.054310660096954,12.024628325586022
2017-04-18,300.25,300.84,297.9,-0.395,299.7,301.44,3035698,20170418,1,17,11.394301185582435,11.169618686571622
2017-04-19,305.52,306.62,302.11,1.755,302.46,300.25,3898024,20170419,2,18,10.71893732648853,10.314618873489051
2017-04-20,302.51,309.15,300.23,-0.985,306.51,305.52,6149352,20170420,3,19,10.526844141617008,10.11739784328195
2017-04-21,305.6,306.4,300.42,1.021,302.0,302.51,4509756,20170421,4,20,10.048911342136853,9.536995787067239
2017-04-24,308.03,310.55,306.02,0.795,309.22,305.6,5083505,20170424,0,21,9.84070582938936,9.32844350519519
2017-04-25,313.79,313.98,305.86,1.87,308.0,308.03,6737708,20170425,1,22,9.69122009941376,9.197097685551915
2017-04-26,310.17,314.5,309.0,-1.1540000000000001,312.37,313.79,4695044,20170426,2,23,9.365291847921862,8.821369649024684
2017-04-27,308.63,313.09,307.5,-0.49700000000000005,311.69,310.17,3468569,20170427,3,24,9.057292780369835,8.474150702180344
2017-04-28,314.07,314.8,308.0,1.7630000000000001,309.83,308.63,4505478,20170428,4,25,8.833289226123114,8.245390282698606
2017-05-01,322.83,327.25,314.81,2.7889999999999997,314.88,314.07,8829565,20170501,0,26,9.796458529776553,9.65832875249643
2017-05-02,318.89,327.66,316.56,-1.22,324.0,322.83,5382777,20170502,1,27,10.167022051991324,10.192264455429635
2017-05-03,311.02,321.53,310.45,-2.468,317.67,318.89,7133365,20170503,2,28,10.38173739360612,10.488634989490125
2017-05-04,295.46,307.77,290.76,-5.003,307.435,311.02,14152008,20170504,3,29,12.093303170948479,12.873401308241485
2017-05-05,308.35,308.55,296.8,4.363,298.0,295.46,8177347,20170505,4,30,12.29726541076397,13.05509941913955
2017-05-08,307.19,313.79,305.82,-0.376,310.9,308.35,7006471,20170508,0,31,12.872962234676764,13.765712394210903
2017-05-09,321.26,321.99,309.1,4.58,309.38,307.19,9676537,20170509,1,32,12.945830408397068,13.748800318040765
2017-05-10,325.22,325.5,318.12,1.2329999999999999,321.56,321.26,5741607,20170510,2,33,13.453347691301907,14.361684709037785
2017-05-11,323.1,326.0,319.6,-0.652,323.4,325.22,4753819,20170511,3,34,12.788475380193537,13.292987078301461
2017-05-12,324.81,327.0,321.53,0.529,325.48,323.1,4121612,20170512,4,35,12.100917499949418,12.243847662160528
2017-05-15,315.88,320.2,312.53,-2.7489999999999997,318.38,324.81,7622004,20170515,0,36,11.957526282760446,12.01954241847039
2017-05-16,317.01,320.06,315.14,0.358,317.59,315.88,4152484,20170516,1,37,11.743856926996703,11.704901754841014
2017-05-17,306.11,314.63,305.5,-3.438,314.39,317.01,6711940,20170517,2,38,11.616781437440554,11.527579852817276
2017-05-18,313.06,313.94,305.31,2.27,307.0,306.11,5653801,20170518,3,39,11.624517693327585,11.550644546783001
2017-05-19,310.83,316.5,310.2,-0.7120000000000001,315.5,313.06,4687572,20170519,4,40,11.509988341386475,11.395452596226365
2017-05-22,310.35,314.37,306.8,-0.154,312.8,310.83,4329178,20170522,0,41,11.145145452991068,10.88413773369144
2017-05-23,303.86,310.73,303.48,-2.0909999999999997,310.46,310.35,4318354,20170523,1,42,10.794308245856074,10.411915246756667
2017-05-24,310.22,311.0,305.4,2.093,306.51,303.86,5041692,20170524,2,43,10.314863033754627,9.769142006752165
2017-05-25,316.83,316.97,307.81,2.131,311.02,310.22,5013963,20170525,3,44,10.572500983986306,10.215302321655367
2017-05-26,325.14,325.49,316.31,2.623,317.28,316.83,7802199,20170526,4,45,11.004939729842606,10.890196194703723
2017-05-30,335.1,336.28,325.76,3.063,326.0,325.14,7782916,20170530,1,46,11.781477010263872,12.032874162875295
2017-05-31,341.01,342.89,335.16,1.764,337.69,335.1,9963444,20170531,2,47,12.329721005278897,12.795950964951386
2017-06-01,340.37,344.88,337.29,-0.188,344.0,341.01,7607996,20170601,3,48,12.095735648732942,12.393461503423586
2017-06-02,339.85,342.88,335.93,-0.153,339.77,340.37,5590239,20170602,4,49,11.62392233292305,11.66709940807238
2017-06-05,347.32,348.44,334.21,2.198,338.5,339.85,6784368,20170605,0,50,11.862687514881202,12.00905091786256
2017-06-06,352.85,359.49,339.97,1.5919999999999999,344.7,347.32,11086798,20170606,1,51,12.574728782163453,13.027107942066985
2017-06-07,359.65,360.5,355.14,1.9269999999999998,356.34,352.85,9397959,20170607,2,52,12.630107870791933,13.04750391804075
2017-06-08,370.0,371.9,360.22,2.878,363.75,359.65,9061496,20170608,3,53,13.217150006529993,13.848189485477512
2017-06-09,357.32,376.87,354.8,-3.427,374.42,370.0,17261435,20170609,4,54,14.026234080342725,14.944849620410714
2017-06-12,359.01,364.5,350.62,0.473,357.99,357.32,10517660,20170612,0,55,14.515291706693406,15.536398757184902
2017-06-13,375.95,376.0,366.61,4.718999999999999,367.62,359.01,11807920,20170613,1,56,14.895563859441074,15.955665832635352
2017-06-14,380.66,384.25,376.31,1.253,381.085,375.95,12818429,20170614,2,57,15.839719187099721,17.1938848196947
2017-06-15,375.34,375.46,366.49,-1.3980000000000001,372.5,380.66,10426469,20170615,3,58,15.257641846302112,16.162477997816197
2017-06-16,371.4,378.01,370.1,-1.05,377.975,375.34,6730973,20170616,4,59,14.829176299977865,15.415341447060138
2017-06-19,369.8,376.7,367.8,-0.431,375.0,371.4,6549332,20170619,0,60,14.288546113019608,14.546488674008437
2017-06-20,372.24,378.88,369.73,0.66,376.67,369.8,7438701,20170620,1,61,13.820134159390724,13.82685593930031
2017-06-21,376.4,376.99,368.02,1.1179999999999999,374.35,372.24,4923210,20170621,2,62,13.378122198433772,13.17919643762853
2017-06-22,382.61,385.0,373.57,1.65,377.99,376.4,7529778,20170622,3,63,13.321802935889,13.123297691708734
2017-06-23,383.45,386.99,379.345,0.22,382.45,382.61,6445758,20170623,4,64,13.072949734718833,12.785493830670601
2017-06-26,377.49,386.95,373.1,-1.554,386.69,383.45,6604099,20170626,0,65,13.143721871325365,12.927439216055673
2017-06-27,362.37,376.4,362.02,-4.005,376.4,377.49,6996399,20170627,1,66,13.898291597078224,14.061191720799247
2017-06-28,371.24,371.74,362.52,2.448,366.68,362.37,6302463,20170628,2,67,13.995869135799058,14.182373358799685
2017-06-29,360.75,371.0,354.1,-2.826,370.61,371.24,8221038,20170629,3,68,14.260249274739557,14.544742239073933
2017-06-30,361.61,366.767,359.619,0.23800000000000002,363.71,360.75,5848521,20170630,4,69,14.020013328920978,14.154892540751842
2017-07-03,352.62,371.35,351.5,-2.4859999999999998,370.24,361.61,6305401,20170703,0,70,14.550622910750604,14.914269575510758
2017-07-05,327.09,347.24,326.33,-5.792000000000001,347.2,347.2,17046701,20170705,2,71,16.437085863413994,17.629791332854598
2017-07-06,308.83,320.79,306.3,-5.582999999999999,317.26,327.09,19324495,20170706,3,72,18.663104840801747,20.732575969463507
2017-07-07,313.22,317.0,307.38,1.421,313.5,308.83,14176915,20170707,4,73,18.758359509097932,20.596229073660066
2017-07-10,316.05,317.94,303.13,0.904,312.9,313.22,13820889,20170710,0,74,18.399135303345275,19.824715027376854
2017-07-11,327.22,327.28,314.3,3.534,316.0,316.05,11559402,20170711,1,75,18.004386309597344,19.05607181975564
2017-07-12,329.34,333.0,324.5,0.648,331.2,327.22,10346127,20170712,2,76,17.908470685114807,18.77525764090228
2017-07-13,323.41,331.6,319.97,-1.801,330.11,329.34,8594466,20170713,3,77,17.337363266893515,17.822543088118405
2017-07-14,327.78,328.42,321.22,1.351,323.19,323.41,5625211,20170714,4,78,16.49897093131886,16.528854748964026
2017-07-17,319.57,327.1,313.45,-2.505,325.54,327.78,9876912,20170717,0,79,16.239847073325357,16.145003353379096
2017-07-18,328.24,329.13,315.66,2.713,317.5,319.57,6373720,20170718,1,80,15.987930992235606,15.78833294132193
2017-07-19,325.26,331.65,323.219,-0.9079999999999999,328.23,328.24,6357014,20170719,2,81,15.632521144959297,15.293884586432998
2017-07-20,329.92,330.22,324.2,1.433,326.9,325.26,5166188,20170720,3,82,14.758334951217625,14.057358052880284
2017-07-21,328.4,331.25800000000004,325.8,-0.461,329.46,329.92,4901606,20170721,4,83,13.961675228513583,12.98277051045362
2017-07-24,342.52,343.399,330.01,4.3,330.24,328.4,8637082,20170724,0,84,13.917782357258293,13.048934787577787
2017-07-25,339.6,345.6,334.15,-0.853,345.0,342.52,6989197,20170725,1,85,14.216248026968724,13.602412651769756
2017-07-26,343.85,345.5,338.12,1.251,340.36,339.6,4820790,20170726,2,86,13.594615204308923,12.772754380426063
2017-07-27,334.46,347.5,326.29,-2.7310000000000003,346.0,343.85,8302405,20170727,3,87,14.28708061667515,13.897724283579075
2017-07-28,335.07,339.6,332.51,0.182,336.89,334.46,4880414,20170728,4,88,14.019108716488864,13.556693375341517
2017-07-31,323.47,341.49,321.04,-3.4619999999999997,335.5,335.07,8535136,20170731,0,89,14.603845254035416,14.475803269826194
2017-08-01,319.57,324.45,316.13,-1.206,323.0,323.47,8303102,20170801,1,90,14.998108600920407,15.071030816417922
2017-08-02,315.96,319.22,311.41,-1.13,319.0,319.57,119040,20170802,2,91,14.730966264745899,14.669559271681234
2017-08-03,347.09,350.0,343.15,9.853,345.33,315.96,13535033,20170803,3,92,16.15835299660018,16.7709548582043
2017-08-04,356.91,357.27,343.3,2.8289999999999997,347.0,347.09,9268909,20170804,4,93,18.445160340131164,20.04283225239861
2017-08-07,355.17,359.48,352.75,-0.488,357.35,356.91,6324480,20170807,0,94,17.894626878660468,19.022453346091506
2017-08-08,365.22,368.58,357.4,2.83,357.53,355.17,7449837,20170808,1,95,17.32869158094634,18.042125173604905
2017-08-09,363.53,370.0,358.95,-0.46299999999999997,361.0,365.22,6892096,20170809,2,96,17.101515859100502,17.613841415902318
2017-08-10,355.4,366.65,354.66,-2.2359999999999998,361.6,363.53,7092858,20170810,3,97,16.636791794310575,16.863995284978287
2017-08-11,357.87,361.26,353.62,0.695,356.97,355.4,4365783,20170811,4,98,16.025216450212135,15.936795261222754
2017-08-14,363.8,367.66,362.6,1.6569999999999998,364.63,357.87,4519186,20170814,0,99,15.682899205151442,15.446555594096491
2017-08-15,362.33,365.49,359.37,-0.40399999999999997,365.2,363.8,3085088,20170815,1,100,14.949860010579538,14.403014296684509
2017-08-16,362.91,366.5,362.52,0.16,363.0,362.33,3413773,20170816,2,101,13.952540198687077,13.013278420557144
2017-08-17,351.92,363.3,351.59,-3.028,361.21,362.91,5027660,20170817,3,102,13.748661792508539,12.83950789549992
2017-08-18,347.46,354.0,345.8,-1.2670000000000001,352.91,351.92,5408183,20170818,4,103,14.054253139323636,13.408907038666648
2017-08-21,337.86,345.82,331.85,-2.763,345.82,347.46,6495424,20170821,0,104,14.60116386005161,14.297053031666483
2017-08-22,341.35,342.24,337.37,1.033,341.13,337.86,4321966,20170822,1,105,14.191041255373825,13.736112482487448
2017-08-23,352.77,353.49,338.3,3.346,338.99,341.35,4954504,20170823,2,106,14.321860558111608,13.988630874710243
2017-08-24,352.93,356.66,349.74,0.045,352.52,352.77,4584687,20170824,3,107,14.41169445756196,14.164813458945943
2017-08-25,348.05,355.69,347.3,-1.383,354.24,352.93,3483956,20170825,4,108,13.864250841144251,13.394838201561084
2017-08-28,345.66,347.35,339.72,-0.687,347.28,348.05,3763956,20170828,0,109,13.804771827891598,13.370193104426582
2017-08-29,347.36,349.05,338.75,0.49200000000000005,339.48,345.66,4073675,20170829,1,110,13.486148103349118,12.960833972112999
2017-08-30,353.18,353.47,347.0,1.675,349.67,347.36,3412943,20170830,2,111,12.970122708037623,12.27405603395888
2017-08-31,355.9,358.44,352.82,0.77,353.55,353.18,4072795,20170831,3,112,12.798289759065721,12.114848547654857
2017-09-01,355.4,357.59,353.69,-0.14,356.12,355.9,3049546,20170901,4,113,12.035703390660604,11.087535323470481
2017-09-05,349.59,355.49,345.89,-1.635,353.8,355.4,3848382,20170905,1,114,11.851545337833949,10.943863936766318
2017-09-06,344.53,350.97900000000004,341.56,-1.4469999999999998,349.5,349.59,4091351,20170906,2,115,12.032316798303162,11.330015435720307
2017-09-07,350.61,352.48,343.45,1.765,345.98,344.53,4239213,20170907,3,116,11.75937498899373,11.023346694537933
2017-09-08,343.4,349.78,342.3,-2.056,348.99,350.61,3263508,20170908,4,117,11.370335821508668,10.550900446676566
2017-09-11,363.67,363.71,350.33,5.903,351.39,343.4,7667055,20170911,0,118,11.553034732744056,10.928113735623041
2017-09-12,362.65,368.38,360.71,-0.28,364.02,363.67,5972907,20170912,1,119,12.773681105276447,12.80169863617501
2017-09-13,366.23,368.07,359.59,0.987,363.82,362.65,4172033,20170913,2,120,12.383342631743027,12.225472133945777
2017-09-14,377.4,377.9,362.69,3.05,364.33,366.23,7202524,20170914,3,121,12.643950170200519,12.628742526643604
2017-09-15,379.93,379.96,372.84,0.67,374.53,377.4,5420496,20170915,4,122,12.742682773039101,12.7755768597559
2017-09-18,384.64,389.57,377.81,1.24,380.25,379.93,7187980,20170918,0,123,12.69062031920426,12.69483327686741
2017-09-19,374.86,382.0,373.6,-2.543,380.0,384.64,6451886,20170919,1,124,12.300561314119316,12.122188830192947
2017-09-20,373.91,378.25,371.07,-0.253,373.0,374.86,4910883,20170920,2,125,12.415965533674536,12.315230322351672
2017-09-21,366.59,376.68,364.67,-1.9580000000000002,374.82,373.91,4618190,20170921,3,126,12.379059371786811,12.274532945517182
2017-09-22,351.09,369.9,350.88,-4.228,366.49,366.59,8145541,20170922,4,127,13.347331573921492,13.70859523535698
2017-09-25,344.99,357.47,342.88,-1.7369999999999999,353.15,351.09,7587395,20170925,0,128,14.289396649405148,15.042115883463659
2017-09-26,345.2,351.19,341.01,0.061,350.89,344.99,317231,20170926,1,129,13.915813582226798,14.393833760266734
2017-09-27,340.98,351.22,340.5,-1.222,348.78,345.2,244497,20170927,2,130,13.625283976381697,13.903989255360454
2017-09-28,339.62,342.34,335.41,-0.39899999999999997,340.08,340.98,270890,20170928,3,131,13.276620598393155,13.355457351212687
2017-09-29,340.9,344.65,339.04,0.377,341.96,339.62,258115,20170929,4,132,12.579652911811166,12.322729698782695
2017-10-02,340.96,343.7,335.53,0.018000000000000002,342.8,340.9,181455,20171002,0,133,12.178774235716201,11.769032403008799
2017-10-03,352.14,348.5,331.5,3.279,336.07,340.96,342180,20171003,1,134,12.6170686187723,12.466494752115828
2017-10-04,354.98,358.58,349.61,0.8059999999999999,351.12,352.14,341885,20171004,2,135,13.071881630167296,13.153628787593226
2017-10-05,355.13,357.34,351.56,0.042,355.755,354.98,181812,20171005,3,136,12.408981885498887,12.170478279572245
2017-10-06,355.1,360.02,352.51,-0.008,353.01,355.13,197859,20171006,4,137,11.963619031888788,11.549081173981275
2017-10-09,342.79,351.66,342.67,-3.467,349.57,355.1,300617,20171009,0,138,12.008744654030956,11.670537017729599
2017-10-10,355.86,355.61,345.73,3.813,346.85,342.79,283727,20171010,1,139,11.815222102474072,11.431798748223414
2017-10-11,354.65,357.6,351.18,-0.34,353.755,355.86,4500831,20171011,2,140,12.087475035442296,11.882225582571241
2017-10-12,355.3,359.78,352.78,0.183,352.78,354.65,166571,20171012,3,141,11.624976692105022,11.231262170587753
2017-10-13,355.43,358.44,353.69,0.037000000000000005,356.985,355.3,3540533,20171013,4,142,10.999978058125727,10.36709388005546
2017-10-16,350.56,354.43,347.21,-1.37,353.71,355.43,5375486,20171016,0,143,10.735434308594563,10.063481362373542
2017-10-17,355.78,356.21,350.22,1.489,350.8,350.56,126969,20171017,1,144,10.304030760150011,9.520350513528061
2017-10-18,359.605,362.86,354.19,1.075,355.655,355.78,191765,20171018,2,145,10.485482673448585,9.890970445370488
2017-10-19,351.81,356.77,348.34,-2.168,355.41,359.605,5061843,20171019,3,146,10.298620458482484,9.69617438584525
2017-10-20,345.05,354.47,344.34,-1.921,352.83,351.81,4930395,20171020,4,147,10.750109845410655,10.438684468203352
2017-10-23,337.02,349.92,336.25,-2.327,349.9,345.05,5747346,20171023,0,148,11.187372884062817,11.121526539484789
2017-10-24,337.34,342.8,336.16,0.095,338.8,337.02,4488426,20171024,1,149,10.978520674590484,10.823989667411793
2017-10-25,325.84,337.5,323.56,-3.409,336.7,337.34,8584204,20171025,2,150,11.247746219103217,11.239457711928363
2017-10-26,326.17,330.23,323.2,0.10099999999999999,327.78,325.84,5023500,20171026,3,151,11.5106785153276,11.626196683809589
2017-10-27,320.87,324.59,316.66,-1.625,319.75,326.17,6979704,20171027,4,152,11.298798551894656,11.3000371258672
2017-10-30,320.08,323.78,317.25,-0.24600000000000002,319.18,320.87,4254378,20171030,0,153,11.082544046781665,10.982698842332983
2017-10-31,331.53,331.95,320.18,3.577,320.23,320.08,5672347,20171031,1,154,11.14504006651635,11.087672330046358
2017-11-01,321.08,332.60900000000004,320.26,-3.1519999999999997,332.25,331.53,8457336,20171101,2,155,11.27085464982472,11.279849352745625
2017-11-02,299.26,308.69,292.63,-6.796,300.13,321.08,19791416,20171102,3,156,13.782595932956605,14.962536106356955
2017-11-03,306.09,306.25,295.13,2.282,299.5,299.26,8893974,20171103,4,157,14.888723894393381,16.42753129239809
2017-11-06,302.78,307.5,299.01,-1.081,307.0,306.09,6486009,20171106,0,158,14.307021569677902,15.369193786605983
2017-11-07,306.05,306.5,300.03,1.08,301.02,302.78,5294274,20171107,1,159,13.594564893547009,14.182634614923431
2017-11-08,304.39,306.89,301.3,-0.542,305.5,306.05,4725271,20171108,2,160,12.86687701829135,13.036949999487259
2017-11-09,302.99,304.46,296.3,-0.46,302.5,304.39,5447147,20171109,3,161,12.583524506273044,12.598689999518156
2017-11-10,302.99,308.36,301.85,0.0,302.5,302.99,4625429,20171110,4,162,12.031385815929145,11.786864666188901
2017-11-13,315.4,316.8,299.11,4.096,300.13,302.99,7584944,20171113,0,163,12.545805370945256,12.57394937741427
2017-11-14,308.7,316.35,306.9,-2.124,315.0,315.4,5676076,20171114,1,164,12.619823075448927,12.678756127098204
2017-11-15,311.3,312.49,301.5,0.8420000000000001,306.01,308.7,5978665,20171115,2,165,12.736202811519055,12.84158864349297
2017-11-16,312.5,318.14,311.3,0.385,313.99,311.3,5822073,20171116,3,166,12.436547973824489,12.38804349100827
2017-11-17,315.05,326.67,313.15,0.816,325.67,312.5,13735139,20171117,4,167,12.703225460398885,12.785637692221568
2017-11-20,308.74,315.5,304.75,-2.003,313.79,315.05,8247650,20171120,0,168,12.525659491506364,12.51421933325017
2017-11-21,317.81,318.23,308.71,2.938,310.86,308.74,7261273,20171121,1,169,12.252417694444484,12.114990088805953
2017-11-22,312.6,317.42,311.84,-1.639,316.77,317.81,4917636,20171122,2,170,11.92765242236682,11.65699141028769
2017-11-24,315.55,316.41,311.0,0.9440000000000001,313.79,312.6,3244065,20171124,4,171,11.46241125773135,11.010725888902794
2017-11-27,316.74,317.32,309.85,0.377,313.14,315.55,169414,20171127,0,172,11.099464754699982,10.538629103707386
2017-11-28,317.55,320.0,313.92,0.256,316.36,316.74,4949491,20171128,1,173,10.64314974836232,9.944145223203936
2017-11-29,307.54,318.0,301.23,-3.1519999999999997,317.3,317.55,8767398,20171129,2,174,11.2001361666527,10.85425919345552
2017-11-30,308.85,310.7,304.54,0.426,308.56,307.54,4351587,20171130,3,175,11.364669250945308,11.1416913009981
2017-12-01,306.53,310.32,305.05,-0.7509999999999999,305.44,308.85,4292868,20171201,4,176,10.810608383825524,10.35879912752386
2017-12-04,305.2,308.265,300.61,-0.434,306.5,306.53,5835140,20171204,0,177,10.576916702551488,10.076292577184907
2017-12-05,303.7,308.0,301.0,-0.491,302.0,305.2,4646520,20171205,1,178,10.251742444193562,9.666120233557173
2017-12-06,313.26,313.39,300.0,3.148,300.1,303.7,7195341,20171206,2,179,10.537038595737284,10.16263753575278
2017-12-07,311.24,318.63,311.05,-0.645,312.0,313.26,4780597,20171207,3,180,10.93639873625894,10.798285864322652
2017-12-08,315.13,316.98,311.26,1.25,314.6,311.24,3468458,20171208,4,181,10.462180655442479,10.121181082409661
2017-12-11,328.91,329.01,313.75,4.373,314.63,315.13,7937981,20171211,0,182,11.12652788626616,11.14102360475935
2017-12-12,341.03,341.44,330.03,3.685,330.45,328.91,8733199,20171212,1,183,12.506843566367532,13.163553790798854
2017-12-13,339.03,344.22,336.5,-0.586,340.93,341.03,6221461,20171213,2,184,12.76167597503044,13.449746618693244
2017-12-14,337.89,347.44,336.9,-0.336,341.01,339.03,5799916,20171214,3,185,12.559705427807092,13.061780402866411
2017-12-15,343.45,343.9,335.76,1.646,342.04,337.89,6933199,20171215,4,186,12.157914017975044,12.405543015815987
2017-12-18,338.87,346.73,337.58,-1.334,344.9,343.45,5476166,20171218,0,187,11.884467284549165,11.971470613706295
2017-12-19,331.1,341.49,330.3,-2.293,340.26,338.87,6824971,20171219,1,188,11.999515714954992,12.128607865212409
2017-12-20,328.98,333.1,325.04,-0.64,332.69,331.1,5953800,20171220,2,189,12.165923379504619,12.355460149851105
2017-12-21,331.66,333.74,327.21,0.815,329.59,328.98,4385222,20171221,3,190,11.653566702278917,11.578732129869914
2017-12-22,325.2,330.92,324.82,-1.9480000000000002,329.51,331.66,4215807,20171222,4,191,11.148696996372939,10.848234512553075
2017-12-26,317.29,323.94,316.58,-2.432,323.83,325.2,4378413,20171226,1,192,11.50608818218824,11.412469910879915
2017-12-27,311.64,317.68,310.75,-1.781,316.0,317.29,4712111,20171227,2,193,11.773716531758653,11.817473922762954
2017-12-28,315.36,315.82,309.54,1.194,311.75,311.64,4316347,20171228,3,194,11.40792411667846,11.275144066394155
2017-12-29,311.35,316.41,310.0,-1.272,316.18,315.36,3777155,20171229,4,195,10.953567375295679,10.62645819087451
2018-01-02,320.53,322.11,311.0,2.948,312.0,311.35,4352241,20180102,1,196,10.967788523095745,10.690930432091282
2018-01-03,317.25,325.25,315.55,-1.023,321.0,320.53,4521527,20180103,2,197,11.234353204512754,11.11880637447932
2018-01-04,314.62,318.55,305.68,-0.8290000000000001,312.87,317.25,9946304,20180104,3,198,11.563048369642786,11.616298857882285
2018-01-05,316.58,317.24,312.0,0.623,316.62,314.62,4591180,20180105,4,199,10.989134878471338,10.767459010164332
2018-01-08,336.41,337.02,315.5,6.263999999999999,316.0,316.58,9859435,20180108,0,200,12.026486258121635,12.318464475476244
2018-01-09,333.69,338.8,327.405,-0.809,335.16,336.41,7146631,20180109,1,201,12.95316932959794,13.638669212079776
2018-01-10,334.8,336.68,330.25,0.33299999999999996,331.71,333.69,109366,20180110,2,202,12.360153933652006,12.677513317135574
2018-01-11,337.95,344.81,333.26,0.941,335.24,334.8,6645484,20180111,3,203,12.286503575782387,12.527178208184134
2018-01-12,336.22,340.41,333.67,-0.512,338.63,337.95,4825059,20180112,4,204,11.782275976335347,11.755554447092777
2018-01-16,340.06,345.0,334.8,1.1420000000000001,337.54,336.22,6474251,20180116,1,205,11.638432705331848,11.548147187480373
2018-01-17,347.16,349.0,339.75,2.088,340.47,340.06,7103505,20180117,2,206,11.7422115505821,11.712394229149668
2018-01-18,344.57,352.3,343.74,-0.746,345.67,347.16,5685845,20180118,3,207,11.78746504609489,11.782741665263046
2018-01-19,350.02,350.59,342.6,1.5819999999999999,345.0,344.57,4888303,20180119,4,208,11.442240950224395,11.277042776561249
2018-01-22,351.56,357.83,349.2,0.44,349.4,350.02,6210360,20180122,0,209,11.607491773266748,11.541437073019758
2018-01-23,352.79,360.5,351.0,0.35,360.0,351.56,5465414,20180123,1,210,11.5049925209624,11.399912129950426
2018-01-24,345.89,354.75,343.52,-1.956,354.58,352.79,5287478,20180124,2,211,11.479993200832965,11.37725717929037
2018-01-25,337.64,349.2,336.4,-2.385,348.27,345.89,6740303,20180125,3,212,11.926357455983542,12.045622888718365
2018-01-26,342.85,344.0,335.71,1.5430000000000001,341.5,337.64,4539356,20180126,4,213,11.767597687037634,11.796873170222586
2018-01-29,349.53,350.85,338.28,1.9480000000000002,339.85,342.85,4747149,20180129,0,214,11.89872517019951,11.98529008085958
2018-01-30,345.82,348.27,342.17,-1.061,345.14,349.53,4717700,20180130,1,215,11.371568335940891,11.200584736744934
2018-01-31,354.31,356.19,345.19,2.455,347.51,345.82,6214069,20180131,2,216,11.33778939627471,11.173840105178943
2018-02-01,349.25,359.66,348.63,-1.4280000000000002,351.0,354.31,4197687,20180201,3,217,11.565263087737897,11.529328091155083
2018-02-02,343.75,351.95,340.51,-1.575,348.44,349.25,3704836,20180202,4,218,11.76842098902756,11.832084345667754
2018-02-05,333.13,344.47,333.0,-3.089,337.97,343.75,4464147,20180205,0,219,12.175837263071227,12.421139766245407
2018-02-06,333.97,336.22,323.5,0.252,325.21,333.13,5088438,20180206,1,220,12.909852057859785,13.464987797412713
2018-02-07,345.0,346.0,335.66,3.303,338.99,333.97,6969239,20180207,2,221,12.906229143506541,13.385656091091002
2018-02-08,315.23,348.62,314.6,-8.629,343.31,345.0,10314573,20180208,3,222,14.825662858861985,16.136901945612237
2018-02-09,310.42,320.98,294.76,-1.526,319.93,315.23,12933721,20180209,4,223,18.04514805523208,20.683981686197335
2018-02-12,314.87,316.22,306.25,1.4340000000000002,316.06,310.42,189398,20180212,0,224,17.311043686217836,19.25545079470435
2018-02-13,323.66,324.19,312.51,2.792,315.02,314.87,4560231,20180213,1,225,16.98913062369216,18.52405735541042
2018-02-14,322.31,326.17,318.52,-0.41700000000000004,320.84,323.66,3950743,20180214,2,226,16.4719369304215,17.560849708022356
2018-02-15,334.065,334.12,322.4,3.647,324.5,322.31,5912917,20180215,3,227,16.039942663861805,16.782069746952708
2018-02-16,335.49,343.12,331.64,0.42700000000000005,332.5,334.065,5642637,20180216,4,228,16.473584240018315,17.319127114025683
2018-02-20,334.77,340.84,331.5,-0.215,334.47,335.49,4009435,20180220,1,229,15.825076581639127,16.25524349882225
2018-02-21,333.3,339.69,333.17,-0.439,336.03,334.77,3219649,20180221,2,230,14.979160528530771,14.957211032312609
2018-02-22,346.17,347.44,334.75,3.861,335.53,333.3,6969808,20180222,3,231,14.771055025885163,14.654916228004259
2018-02-23,352.05,354.99,347.1,1.699,347.83,346.17,5817387,20180223,4,232,15.400050023674568,15.59292739760368
2018-02-26,357.42,359.0,352.355,1.525,353.5,352.05,4339985,20180226,0,233,15.166409112383256,15.22453707792317
2018-02-27,350.99,359.99,350.01,-1.7990000000000002,356.25,357.42,4797419,20180227,1,234,14.694917374805524,14.525265467533414
2018-02-28,343.06,355.24,342.22,-2.259,352.57,350.99,6069658,20180228,2,235,14.740833977103762,14.615230071862307
2018-03-01,330.93,348.67,330.07,-3.536,345.01,343.06,6885601,20180301,3,236,15.302576342908592,15.455866062280668
2018-03-02,335.12,335.22,322.97,1.266,326.98,330.93,5092829,20180302,4,237,15.737796675432715,16.07375058730991
2018-03-05,333.35,337.75,329.29,-0.528,332.39,335.12,3823769,20180305,0,238,15.076178795763244,15.058583842335251
2018-03-06,328.2,336.37,327.03,-1.545,333.75,333.35,4285744,20180306,1,239,14.554707996087735,14.296105996690555
2018-03-07,332.3,332.5,321.74,1.249,325.44,328.2,5007297,20180307,2,240,14.287007269142354,13.93795853046515
2018-03-08,329.1,333.3,326.27,-0.963,332.86,332.3,3566244,20180308,3,241,13.627279335520525,13.016897393069799
2018-03-09,327.17,328.49,322.37,-0.586,324.1,329.1,5506764,20180309,4,242,13.291163032262011,12.605311073993835
2018-03-12,341.84,342.0,326.61,4.484,328.78,327.17,196975,20180312,0,243,13.481966392980626,12.976602930794655
2018-03-13,341.84,345.12,336.26,0.0,344.92,341.84,5965805,20180313,1,244,13.888151266375356,13.639722540022019
2018-03-14,326.63,339.81,323.93,-4.449,336.76,341.84,7967370,20180314,2,245,14.25377387854706,14.209092868019079
2018-03-15,325.6,332.85,321.1,-0.315,329.38,326.63,6564801,20180315,3,246,14.84343079871434,15.07988048561652
2018-03-16,321.35,327.4,319.07,-1.305,325.96,325.6,6117279,20180316,4,247,14.251300726071806,14.179896420867648
2018-03-19,311.54,320.69,310.0,-3.053,316.61,321.35,288308,20180319,0,248,14.373909750980422,14.369243564751965
2018-03-20,310.55,316.25,308.76,-0.318,314.87,311.54,4764293,20180320,1,249,14.211736137247662,14.132011089451714
2018-03-21,321.73,322.37,310.19,3.6,310.19,310.55,214907,20180321,2,250,14.027032852035797,13.871742944191487
2018-03-22,309.1,318.82,308.18,-3.926,313.89,321.73,4939771,20180322,3,251,13.71912077456658,13.440843884965954
2018-03-23,301.54,311.61,300.45,-2.4459999999999997,311.25,309.1,6654899,20180323,4,252,14.406473431447337,14.486064700303839
2018-03-26,304.18,307.59,291.36,0.8759999999999999,307.34,301.54,8375175,20180326,0,253,14.709521301325045,14.919922740263328
2018-03-27,279.18,304.27,277.18,-8.219,304.0,304.18,13872029,20180327,1,254,15.835019364872297,16.542599708228213
2018-03-28,257.78,268.68,252.1,-7.665,264.58,279.18,21001437,20180328,2,255,19.1300176045128,21.280919747131136
2018-03-29,266.13,270.96,248.21,3.239,256.49,257.78,15170749,20180329,3,256,20.206379640490958,22.572797114180318
2018-04-02,252.48,260.33,244.59,-5.129,256.26,266.13,16113968,20180402,0,257,19.800345127710553,21.661757498956273
2018-04-03,267.53,273.35,254.49,5.961,269.82,252.48,18844384,20180403,1,258,19.71485920700797,21.288189832428774
2018-04-04,286.94,288.37,252.0,7.255,252.78,267.53,19896746,20180404,2,259,21.228962915487976,23.299097854771606
2018-04-05,304.25,305.96,289.25,6.0329999999999995,289.67,286.94,1018347,20180405,3,260,22.79269355955911,25.316551474135395
2018-04-06,299.3,309.28,295.5,-1.6269999999999998,301.0,304.25,13520286,20180406,4,261,22.751539599598598,24.919677944250672
2018-04-09,289.66,309.5,289.21,-3.221,300.37,299.3,10249805,20180409,0,262,22.527763272359458,24.30238755168392
2018-04-10,304.7,307.1,293.68,5.192,298.97,289.66,11024259,20180410,1,263,21.699784793044273,22.851402544792734
2018-04-11,301.16,308.93,299.84,-1.162,300.12,304.7,301428,20180411,2,264,21.478895266401512,22.373882205487032
2018-04-12,294.08,303.95,293.68,-2.351,302.32,301.16,7608769,20180412,3,265,20.528086605810277,20.860031244755433
2018-04-13,300.34,303.95,295.98,2.129,303.6,294.08,7327223,20180413,4,266,19.3864423689083,19.141360412121372
2018-04-16,291.21,299.66,289.01,-3.04,299.0,300.34,6338488,20180416,0,267,18.592220335364775,18.009179023838527
2018-04-17,287.64,292.09,282.62,-1.226,288.01,291.21,252873,20180417,1,268,18.51292757760376,17.97062182066006
2018-04-18,293.42,300.21,288.37,2.009,291.46,287.64,264575,20180418,2,269,17.906297797817555,17.153205577905382
2018-04-19,300.08,301.01,288.55,2.27,291.08,293.42,6090599,20180419,3,270,17.493907088922548,16.648778167517996
2018-04-20,292.43,299.95,291.35,-2.549,295.3,300.08,191888,20180420,4,271,16.685370080834222,15.575607745182259
2018-04-23,283.37,291.62,282.33,-3.0980000000000003,291.29,292.43,4893378,20180423,0,272,16.782154618940684,15.86552671249129
2018-04-24,283.46,287.09,278.46,0.032,285.0,283.37,5685308,20180424,1,273,16.526504199035823,15.612789817492455
2018-04-25,280.69,285.16,277.25,-0.977,283.5,283.46,4013574,20180425,2,274,15.74318563548387,14.585751175160132
2018-04-26,284.08,284.93,276.71,1.208,278.98,280.69,163094,20180426,3,275,15.059259668619129,13.736984351805452
2018-04-27,291.9,292.22,284.0,2.753,285.17,284.08,160877,20180427,4,276,14.738417880561745,13.442719771564722
2018-04-30,293.9,298.73,292.5,0.685,293.61,291.9,4228172,20180430,0,277,14.73037989141974,13.603690468689424
2018-05-01,295.74,298.44,293.22,0.626,295.38,293.9,121717,20180501,1,278,13.98579990128857,12.66186507286417
2018-05-02,301.15,306.85,297.78,1.829,298.57,295.74,8970370,20180502,2,279,13.891636273898456,12.700283063148946
2018-05-03,284.45,288.04,275.23,-5.545,278.79,301.15,17352130,20180503,3,280,14.493305703545461,13.741578654729095
2018-05-04,294.09,296.86,279.52,3.389,283.0,284.45,8569354,20180504,4,281,15.142096094133617,14.79336816743188
2018-05-07,302.77,305.959,295.17,2.951,297.5,294.09,8678224,20180507,0,282,15.720905540122583,15.688785745107625
2018-05-08,301.97,307.75,299.0,-0.264,300.795,302.77,5930000,20180508,1,283,15.533550491020197,15.418280979093272
2018-05-09,306.85,307.01,300.05,1.6159999999999999,300.41,301.97,5727365,20180509,2,284,14.754136810017114,14.290510181880832
2018-05-10,305.02,312.99,304.11,-0.596,307.5,306.85,5651561,20180510,3,285,14.41466982728779,13.854442157630052
2018-05-11,301.06,308.88,299.08,-1.298,307.7,305.02,4679649,20180511,4,286,13.995154388442893,13.313849869946047
2018-05-14,291.97,304.94,291.62,-3.0189999999999997,303.32,301.06,7286804,20180514,0,287,13.941049444038928,13.325336553953237
2018-05-15,284.18,286.96,280.5,-2.668,285.01,291.97,9519173,20180515,1,288,14.542772221854232,14.28995834675948
2018-05-16,286.48,288.81,281.56,0.809,283.83,284.18,5674019,20180516,2,289,14.16706565623075,13.772630567191554
2018-05-17,284.54,289.187,283.97,-0.677,285.9,286.48,4420612,20180517,3,290,13.353423323845401,12.631879824899343
2018-05-18,276.82,284.65,274.0,-2.713,284.65,284.54,7251887,20180518,4,291,13.274021203495762,12.611629181579442
2018-05-21,284.49,291.49,281.3,2.7710000000000004,281.33,276.82,9182571,20180521,0,292,12.993655639541393,12.288745290702183
2018-05-22,275.01,288.0,273.42,-3.332,287.76,284.49,8939034,20180522,1,293,13.137868763219545,12.594245918608557
2018-05-23,279.07,279.91,274.0,1.476,277.76,275.01,5985053,20180523,2,294,12.897153421108536,12.313679796127424
2018-05-24,277.85,281.11,274.89,-0.43700000000000006,278.4,279.07,4176708,20180524,3,295,12.290139473734694,11.50118915664377
2018-05-25,278.85,279.64,275.61,0.36,277.625,277.85,3875082,20180525,4,296,11.539217703394792,10.505030602424597
2018-05-29,283.76,286.5,276.15,1.761,278.51,278.85,5666640,20180529,1,297,11.431107003086128,10.484359855434652
2018-05-30,291.72,295.005,281.6,2.805,283.29,283.76,7489686,20180530,2,298,11.86055182098756,11.240445208043354
2018-05-31,284.73,290.37,282.93,-2.396,287.21,291.72,5919721,20180531,3,299,11.4586834736249,10.73371918030424
2018-06-01,291.82,291.95,283.839,2.49,285.86,284.73,5424386,20180601,4,300,11.154348612386165,10.384023289597007
2018-06-04,296.74,299.0,293.548,1.686,294.34,291.82,4797810,20180604,0,301,11.437589647623874,10.902153517650737
2018-06-05,291.09,297.68,286.8,-1.9040000000000001,297.61,296.74,251916,20180605,1,302,11.386899679658052,10.899199715297305
2018-06-06,319.5,322.17,297.48,9.76,300.5,291.09,18767269,20180606,2,303,12.663545163325837,12.836639753257666
2018-06-07,316.09,330.0,313.58,-1.067,316.15,319.5,14345271,20180607,3,304,15.04958651211496,16.31308778615664
2018-06-08,317.66,324.48,317.15,0.49700000000000005,319.0,316.09,8205202,20180608,4,305,14.347805920104362,15.115342748002426
2018-06-11,332.1,334.66,322.5,4.546,322.51,317.66,13183473,20180611,0,306,14.731641745549494,15.575963714935435
2018-06-12,342.77,354.97,338.0,3.213,344.7,332.1,22347403,20180612,1,307,16.784219768681716,18.473835219610695
2018-06-13,344.78,347.2,339.8,0.586,346.70599999999996,342.77,9469804,20180613,2,308,16.631108880619713,18.023990523662597
2018-06-14,357.58,358.64,346.63,3.713,348.0,344.78,470988,20180614,3,309,16.561917164199713,17.73679178717423
2018-06-15,358.17,364.67,351.25,0.165,353.84,357.58,10848254,20180615,4,310,16.864470149272503,18.02388621555099
2018-06-18,370.83,373.73,354.5,3.535,355.4,358.17,12073226,20180618,0,311,17.079518317520485,18.18470138681086
2018-06-19,352.55,370.0,346.25,-4.928999999999999,365.16,370.83,12761903,20180619,1,312,17.68592574320051,18.926741201902747
2018-06-20,362.22,364.38,352.0,2.7430000000000003,358.04,352.55,8383656,20180620,2,313,17.78993249381866,18.913842374982387
2018-06-21,347.0,366.0,346.36,-4.202,361.81,362.22,314360,20180621,3,314,17.95812044892607,19.010663391651402
2018-06-22,333.63,352.25,332.0,-3.853,351.54,347.0,10266059,20180622,4,315,19.072836771751074,20.50524160609789
2018-06-25,333.01,338.47,327.5,-0.18600000000000003,330.12,333.63,6931304,20180625,0,316,19.111669792500983,20.37120939195151
2018-06-26,342.0,343.55,325.79900000000004,2.7,336.05,333.01,7452487,20180626,1,317,18.987972538637244,20.021848139691304
2018-06-27,344.5,350.79,339.5,0.731,345.0,342.0,8333727,20180627,2,318,18.87815685330657,19.72293505439912
2018-06-28,349.93,357.02,346.11,1.5759999999999998,348.66,344.5,8398005,20180628,3,319,18.52741532118776,19.095877047145883
2018-06-29,342.95,353.86,342.41,-1.995,353.33,349.93,6492396,20180629,4,320,17.884013928352473,18.076426774193095
2018-07-02,335.07,364.78,329.85,-2.298,360.07,342.95,18759765,20180702,0,321,19.433649025775047,20.323569870967344
2018-07-03,310.5,332.16,310.0,-7.332999999999999,331.72,335.07,432958,20180703,1,322,20.6624082052501,22.007093888171706
2018-07-05,309.16,314.39,296.22,-0.43200000000000005,313.76,310.5,17476374,20180705,3,323,22.315825641136513,24.25281470308214
2018-07-06,308.9,312.07,302.0,-0.084,304.95,309.16,8865451,20180706,4,324,21.20256876466952,22.36177274267119
2018-07-09,318.51,318.52,308.0,3.111,311.99,308.9,7596753,20180709,0,325,20.23142614969953,20.78286971031503
2018-07-10,322.47,327.677,319.2,1.2429999999999999,324.56,318.51,9471498,20180710,1,326,20.099205590635936,20.515420415606364
2018-07-11,318.96,321.94,315.07,-1.088,315.8,322.47,4884076,20180711,2,327,18.896550536941728,18.696031026858847
2018-07-12,316.71,323.23,312.77,-0.705,321.43,318.96,5721166,20180712,3,328,18.129591397219738,17.597893556611005
2018-07-13,318.87,319.585,309.25,0.682,315.58,316.71,5875770,20180713,4,329,17.420992179290653,16.62950774906287
2018-07-16,310.1,315.16,306.25,-2.75,311.71,318.87,7818655,20180716,0,330,16.78817470844604,15.806906715854494
2018-07-17,322.69,324.74,308.5,4.06,308.81,310.1,6996232,20180717,1,331,16.738340644041855,15.864652487073895
2018-07-18,323.85,325.5,316.25,0.359,325.0,322.69,5624211,20180718,2,332,16.616673312765315,15.802698822130699
2018-07-19,320.23,323.54,314.01,-1.1179999999999999,316.33,323.85,5915345,20180719,3,333,15.972430284332097,14.966338979179943
2018-07-20,313.58,323.24,311.709,-2.077,321.23,320.23,5166547,20180720,4,334,15.624118440301908,14.589627115289295
2018-07-23,303.2,305.5,292.86,-3.31,301.84,313.58,10992947,20180723,0,335,16.691925854819935,16.293676833250732
2018-07-24,297.43,307.717,292.545,-1.903,304.42,303.2,9590784,20180724,1,336,17.08675077710904,16.925853255483972
2018-07-25,308.74,309.62,294.5,3.803,296.74,297.43,7094180,20180725,2,337,16.907955251917308,16.685072821419443
2018-07-26,306.65,310.7,303.64,-0.677,304.85,308.74,4630522,20180726,3,338,16.577232047197548,16.229729778563513
2018-07-27,297.18,307.69,295.34,-3.088,307.25,306.65,5703326,20180727,4,339,16.28839277017959,15.85243247475505
2018-07-30,290.17,296.1,286.13,-2.359,295.9,297.18,6814072,20180730,0,340,16.673084336526905,16.474774811454374
2018-07-31,298.14,298.32,289.07,2.747,292.25,290.17,5076916,20180731,1,341,15.998258487751729,15.511471503260458
2018-08-01,300.84,303.0,293.0,0.9059999999999999,297.99,298.14,10129430,20180801,2,342,15.710234988865201,15.153941969492386
2018-08-02,349.54,349.99,323.16,16.188,328.44,300.84,23214962,20180802,3,343,18.995668171695655,20.046749706893397
2018-08-03,348.17,355.0,342.53,-0.392,347.81,349.54,13656486,20180803,4,344,22.192425610632426,24.59518307930761
2018-08-06,341.99,354.98,341.82,-1.775,345.46,348.17,8564331,20180806,0,345,21.37129600966584,23.0704920020666
2018-08-07,379.57,387.46,339.15,10.989,343.84,341.99,30875768,20180807,1,346,23.82026909969623,26.435759735124385
2018-08-08,370.34,382.64,367.12,-2.432,369.09,379.57,24571163,20180808,2,347,25.35024463608748,28.330991770441123
2018-08-09,352.45,367.01,345.73,-4.831,365.55,370.34,17183811,20180809,3,348,26.122040578261345,29.065526201048968
2018-08-10,355.49,360.0,346.0,0.863,354.0,352.45,11552044,20180810,4,349,25.960036889328496,28.43545604090911
2018-08-13,356.41,363.19,349.02,0.259,361.13,355.49,10463881,20180813,0,350,24.888215353934992,26.533395235454563
2018-08-14,347.64,359.199,347.1,-2.461,358.45,356.41,6986427,20180814,1,351,23.72555941266817,24.60880920406062
2018-08-15,338.69,344.49,332.14,-2.575,341.906,347.64,9101258,20180815,2,352,23.775054011516527,24.563634643519215
2018-08-16,335.45,342.28,333.82,-0.9570000000000001,339.91,338.69,6064033,20180816,3,353,22.87004910137866,23.131150024383327
2018-08-17,305.5,326.77,303.53,-8.927999999999999,323.5,335.45,18958612,20180817,4,354,23.9873173648897,24.734996687798894
2018-08-20,308.44,308.5,288.2,0.9620000000000001,291.7,305.5,17402335,20180820,0,355,26.102106695354284,27.736997129425706
2018-08-21,321.9,324.79,309.0,4.364,310.61,308.44,13172230,20180821,1,356,25.482824268503894,26.610730845502278
2018-08-22,321.64,323.88,314.67,-0.081,320.87,321.9,5945955,20180822,2,357,24.569840244094447,25.121300066101973
2018-08-23,320.1,327.32,318.1,-0.479,319.14,321.64,5147286,20180823,3,358,23.174400221904037,23.001126723955043
2018-08-24,322.82,323.85,319.4,0.85,320.7,320.1,3602564,20180824,4,359,21.472182019912765,20.527643160761045
2018-08-27,319.27,322.435,308.81,-1.1,318.0,322.82,13079288,20180827,0,360,20.75880183628433,19.60729073932624
2018-08-28,311.86,318.88,311.19,-2.3209999999999997,318.41,319.27,7649091,20180828,1,361,19.928910760258486,18.543651974082746
2018-08-29,305.01,311.85,303.69,-2.1959999999999997,310.27,311.86,7447392,20180829,2,362,19.53355523659862,18.14849837753838
2018-08-30,303.15,304.6,297.72,-0.61,302.26,305.01,7216706,20180830,3,363,19.043232033271472,17.614031927199928
2018-08-31,301.66,305.308,298.6,-0.49200000000000005,302.0,303.15,5375104,20180831,4,364,17.92184730297406,16.1598943369066
2018-09-04,288.95,298.19,288.0,-4.213,296.94,301.66,8350469,20180904,1,365,17.669861184521874,16.025241758652392
2018-09-05,280.74,286.78,277.18,-2.841,285.05,288.95,7720821,20180905,2,366,18.28896471320171,17.152542857498748
2018-09-06,280.95,291.17,278.88,0.075,284.8,280.74,7480760,20180906,3,367,17.74360428472883,16.50420380983225
2018-09-07,263.24,268.35,252.255,-6.303999999999999,260.1,280.95,22491931,20180907,4,368,18.72009480429894,18.10164330185463
2018-09-10,285.5,286.03,271.0,8.456,273.26,263.24,14283528,20180910,0,369,18.384631640271763,17.692090861607344
2018-09-11,279.44,282.0,273.55,-2.123,279.47,285.5,9169989,20180911,1,370,18.41875603661069,17.834478746726365
2018-09-12,290.54,292.5,278.64599999999996,3.972,281.44,279.44,10015427,20180912,2,371,18.00377821510063,17.303748247162854
2018-09-13,289.46,295.0,285.18,-0.37200000000000005,288.02,290.54,6340336,20180913,3,372,17.781616559182392,17.071248480874473
2018-09-14,295.2,297.32599999999996,286.52,1.983,288.76,289.46,6765612,20180914,4,373,17.14746959925672,16.235882016757873
2018-09-17,294.84,300.87,288.13,-0.122,290.04,295.2,6887577,20180917,0,374,16.746790544778836,15.769764414523491
2018-09-18,284.96,302.64,275.5,-3.3510000000000004,296.69,294.84,16547522,20180918,1,375,17.69162776798076,17.285795825920356
2018-09-19,299.02,300.0,280.5,4.934,280.51,284.96,8294917,20180919,2,376,17.85602524361887,17.581023049130977
2018-09-20,298.33,305.98,293.33,-0.231,303.56,299.02,7349422,20180920,3,377,18.14365931238079,18.039553309246845
2018-09-21,299.1,300.58,295.37,0.258,297.7,298.33,5050478,20180921,4,378,16.967872102164353,16.32894620134726
2018-09-24,299.68,302.999,293.58,0.19399999999999998,298.48,299.1,4842961,20180924,0,379,16.281611001967597,15.40762004116763
2018-09-25,300.99,304.6,296.5,0.43700000000000006,300.0,299.68,4481729,20180925,1,380,15.537828183606907,14.433270702345283
2018-09-26,309.58,313.89,301.10900000000004,2.8539999999999996,301.91,300.99,7843216,20180926,2,381,15.417116530551727,14.403501275365901
2018-09-27,307.52,314.96,306.91,-0.665,312.9,309.58,8509084,20180927,3,382,15.28556048231975,14.345701105317112
2018-09-28,264.77,278.0,260.555,-13.902000000000001,270.26,307.52,33649694,20180928,4,383,18.352782256654326,18.96960762460817
2018-10-01,310.7,311.44,301.05,17.347,305.77,264.77,21777597,20181001,0,384,17.62889296059484,17.82565994132708
2018-10-02,301.02,316.84,299.15,-3.116,313.95,310.7,11743511,20181002,1,385,20.759902691449856,22.391571949150133
2018-10-03,294.8,304.6,291.57,-2.066,303.33,301.02,7994988,20181003,2,386,20.611729719499873,21.956695689263455
2018-10-04,281.83,294.0,277.67,-4.4,293.95,294.8,9814212,20181004,3,387,20.86066338136352,22.142469597361657
2018-10-05,261.95,274.88,260.0,-7.053999999999999,274.65,281.83,17944537,20181005,4,388,22.127875801239572,23.830140317713443
2018-10-08,250.56,267.76,249.0,-4.348,264.52,261.95,13472653,20181008,0,389,23.10079618294507,25.03012160868499
2018-10-09,262.8,266.77,253.3,4.885,255.25,250.56,12060574,20181009,1,390,22.225269257222788,23.48877206086032
2018-10-10,256.88,265.51,247.77,-2.253,264.61,262.8,12815278,20181010,2,391,21.81751750656617,22.722269119412275
2018-10-11,252.23,262.25,249.03,-1.81,257.53,256.88,8167738,20181011,3,392,21.08592500596925,21.528633236823982
2018-10-12,258.78,261.99,252.01,2.597,261.0,252.23,7201404,20181012,4,393,20.076295459972048,19.98881547191412
2018-10-15,259.59,263.28,254.537,0.313,259.06,258.78,6199965,20181015,0,394,19.255723145429126,18.796973408992226
2018-10-16,276.59,277.375,262.24,6.5489999999999995,265.7,259.59,9526401,20181016,1,395,19.19565740493557,18.770043621126604
2018-10-17,271.89,281.68,266.18,-1.699,281.62,276.59,327880,20181017,2,396,19.458779459032332,19.21270447164305
2018-10-18,263.91,271.0,263.0,-2.935,269.29,271.89,5421184,20181018,3,397,18.92525405366576,18.463010542090647
2018-10-19,260.0,269.66,253.5,-1.482,267.39,263.91,9375549,20181019,4,398,18.8765945942416,18.45327580314522
2018-10-22,260.95,261.86,252.59,0.365,260.68,260.0,5600260,20181022,0,399,18.18963144931055,17.50217236272587
2018-10-23,294.14,297.93,262.1,12.719000000000001,263.87,260.95,19027753,20181023,1,400,19.98421040846414,20.22588271436242
2018-10-24,288.5,304.44,285.73,-1.9169999999999998,301.05,294.14,20058258,20181024,2,401,22.121100371331035,23.32776501911409
2018-10-25,309.29,320.99,301.01,7.206,317.6,288.5,774998,20181025,3,402,22.551000337573665,23.79739634989887
2018-10-26,330.9,339.9,306.65,6.987,308.25,309.29,27425520,20181026,4,403,25.173636670521514,27.477743503245687
2018-10-29,334.85,347.16,326.5,1.194,337.47,330.9,14486027,20181029,0,404,26.32785151865592,28.863377702812922
2018-10-30,329.9,337.9,322.26,-1.4780000000000002,328.39,334.85,9126704,20181030,1,405,25.356228653323562,27.1002606757712
2018-10-31,337.32,342.0,329.1,2.249,332.54,329.9,7624348,20181031,2,406,24.223844230294144,25.20689258566837
2018-11-01,344.28,347.84,334.725,2.063,338.26,337.32,8000132,20181101,3,407,23.652585663903753,24.237973574245903
2018-11-02,346.41,349.2,340.91,0.619,343.74,344.28,7807971,20181102,4,408,22.582350603548853,22.590243764346436
2018-11-05,346.41,349.2,340.91,0.0,343.74,346.41,7807971,20181105,0,409,21.283046003226225,20.683544595766904
2018-11-06,341.4,343.955,330.14,-1.446,340.5,346.41,7831048,20181106,1,410,20.82731454838749,20.095071982998004
2018-11-07,347.98,351.04,341.6,1.9269999999999998,342.925,341.4,349500,20181107,2,411,19.79210413489772,18.67439571859827
2018-11-08,348.16,351.18,340.8,0.052000000000000005,343.34,347.98,7374522,20181108,3,412,18.936458304452472,17.56847628945183
2018-11-09,350.51,354.0,345.23,0.675,349.0,348.16,5098846,20181109,4,413,18.01223482222952,16.395346117524916
2018-11-12,331.28,349.78,330.34,-5.486000000000001,348.37,350.51,6941523,20181112,0,414,18.14203165657229,16.801299968521594
2018-11-13,338.73,344.7,332.2,2.249,333.16,331.28,5448597,20181113,1,415,18.157301505974818,17.002459972718732
2018-11-14,344.25,347.0,337.16,1.63,342.97,338.73,203499,20181114,2,416,17.93572864179528,16.831465309689555
2018-11-15,348.44,348.58,339.04,1.217,342.33,344.25,4625719,20181115,3,417,17.200662401632062,15.900603268397601
2018-11-16,354.31,355.7,345.12,1.685,345.19,348.44,7206191,20181116,4,418,16.67787491057459,15.307189499277905
2018-11-19,358.88,360.93,356.59,1.29,356.65,354.31,24366,20181119,0,419,16.297159009613253,14.931564232707505
2018-11-20,347.17,349.42,333.65,-3.263,342.85,358.88,347350,20181120,1,420,16.69378091783024,15.695355668346515
2018-11-21,338.19,353.1,337.4,-2.5869999999999997,352.0,347.17,4678085,20181121,2,421,17.128891743482043,16.466641579233656
2018-11-23,325.83,337.5,325.55,-3.655,334.345,338.19,4202642,20181123,4,422,17.537174312256404,17.153756035335835
2018-11-26,346.0,346.22,325.0,6.19,325.0,325.83,7992141,20181126,0,423,17.871976647505825,17.69592189729106
2018-11-27,343.92,346.96,335.5,-0.601,340.05,346.0,6358300,20181127,1,424,18.16816058864166,18.15379897765225
2018-11-28,347.87,348.28,342.21,1.149,345.99,343.92,4127578,20181128,2,425,17.06832780785605,16.54262578063195
2018-11-29,347.87,348.28,342.21,0.0,345.99,347.87,4127578,20181129,3,426,16.06847982532368,15.146275676547688
2018-11-30,350.48,351.6,338.265,0.75,341.83,347.87,5628895,20181130,4,427,15.819981659385167,14.904772253008002
2018-12-03,350.48,351.6,338.265,0.0,341.83,350.48,5628895,20181203,0,428,15.5940742358047,14.695469285940273
2018-12-04,359.7,368.68,352.0,2.6310000000000002,356.05,350.48,8431116,20181204,1,429,15.830976578004261,15.162740047814886
2018-12-06,363.06,367.38,350.76,0.934,356.01,359.7,7842508,20181206,3,430,15.928160525458408,15.394374708106216
2018-12-07,357.965,379.49,357.65,-1.403,369.0,363.06,11511177,20181207,4,431,16.465600477689463,16.25379141369206
2018-12-10,365.15,365.98,353.12,2.0069999999999997,360.0,357.965,6613455,20181210,0,432,16.137818616081333,15.801285891866454
2018-12-11,366.76,372.16900000000004,360.23,0.441,369.91,365.15,6308769,20181211,1,433,15.962016923710298,15.588314439617587
2018-12-12,366.6,371.91,365.16,-0.044000000000000004,369.42,366.76,5027048,20181212,2,434,15.125469930645718,14.411205847668565
2018-12-13,376.79,377.44,366.75,2.78,370.15,366.6,7365854,20181213,3,435,14.722245391496106,13.915045067979422
2018-12-14,365.71,377.87,364.33,-2.9410000000000003,375.0,376.79,6337555,20181214,4,436,14.614768537723736,13.865039058915501
2018-12-17,348.42,365.7,343.88,-4.728,362.0,365.71,7674008,20181217,0,437,16.277971397930678,16.404367184393447
2018-12-18,337.03,351.55,333.69,-3.2689999999999997,350.54,348.42,7099999,20181218,1,438,17.70906490720971,18.48645155980766
2018-12-19,332.97,347.01,329.74,-1.205,337.6,337.03,8274181,20181219,2,439,17.79733173382701,18.51225801849997
2018-12-20,315.38,330.29,311.869,-5.2829999999999995,327.05,332.97,9071858,20181220,3,440,18.466756121660914,19.398756949366636
2018-12-21,319.77,323.47,312.44,1.392,317.4,315.38,8016801,20181221,4,441,18.654323746964465,19.549589356117746
2018-12-24,295.39,314.5,295.195,-7.624,313.5,319.77,5559913,20181224,0,442,18.79347613360406,19.634310775302048
2018-12-26,326.09,326.97,294.09,10.392999999999999,300.0,295.39,8163138,20181226,2,443,20.074069212367334,21.40040267192845
2018-12-27,326.09,326.97,294.09,0.0,300.0,326.09,8163138,20181227,3,444,21.238244738515764,22.931015649004664
2018-12-28,326.09,326.97,294.09,0.0,300.0,326.09,8163138,20181228,4,445,22.29658612592343,24.257546895804047
2018-12-31,326.09,326.97,294.09,0.0,300.0,326.09,8163138,20181231,0,446,23.258714659930394,25.407207309696847
